City_ID,City,Country,Date,Lat,Lng,Max Temp,Humidity,Cloudiness,Wind Speed
0,Punta Arenas,CL,2022-07-18 23:07:56,-53.15,-70.9167,39.31,87,75,31.07
1,Wawa,NG,2022-07-18 23:07:57,9.9022,4.4192,73.4,85,85,5.01
2,Constitucion,CL,2022-07-18 23:07:57,-35.3333,-72.4167,49.8,90,92,8.75
3,Salalah,OM,2022-07-18 23:07:57,17.0151,54.0924,77.09,94,100,4.61
4,Saint-Philippe,RE,2022-07-18 23:04:02,-21.3585,55.7679,67.59,79,62,18.57
5,Tiksi,RU,2022-07-18 23:07:58,71.6872,128.8694,34.83,89,100,18.72
6,Dikson,RU,2022-07-18 23:04:29,73.5069,80.5464,43.38,82,98,13.6
7,Talnakh,RU,2022-07-18 23:07:59,69.4865,88.3972,61.21,56,92,2.01
8,Rikitea,PF,2022-07-18 23:07:49,-23.1203,-134.9692,74.66,75,14,11.39
9,Mahebourg,MU,2022-07-18 23:07:59,-20.4081,57.7,69.26,66,63,23.11
10,Ushuaia,AR,2022-07-18 23:07:39,-54.8,-68.3,37.06,93,75,21.85
11,Victoria,HK,2022-07-18 23:07:43,22.2855,114.1577,88.18,84,100,8.99
12,Paamiut,GL,2022-07-18 23:07:59,61.994,-49.6678,44.94,82,100,1.14
13,Jasper,US,2022-07-18 23:08:00,37.2001,-94.3502,94.23,32,20,9.22
14,Albany,US,2022-07-18 23:04:08,42.6001,-73.9662,77.41,88,100,1.99
15,Jamestown,US,2022-07-18 23:05:45,42.097,-79.2353,74.95,82,100,11.5
16,Goderich,CA,2022-07-18 23:08:00,43.7501,-81.7165,74.91,74,2,0.51
17,Kumluca,TR,2022-07-18 23:08:00,36.3703,30.2869,82.62,45,0,8.61
18,Mount Isa,AU,2022-07-18 23:08:01,-20.7333,139.5,58.77,41,0,6.91
19,Asfi,MA,2022-07-18 23:08:01,32.2994,-9.2372,70.41,83,1,16.6
20,Sandakan,MY,2022-07-18 23:08:02,5.8402,118.1179,75.9,94,100,3.98
21,Tuatapere,NZ,2022-07-18 23:08:02,-46.1333,167.6833,44.71,91,100,5.19
22,Beipiao,CN,2022-07-18 23:08:02,41.7919,120.7792,73.18,62,1,2.39
23,Beringovskiy,RU,2022-07-18 23:08:03,63.05,179.3167,54.12,51,8,23.58
24,Goreloye,RU,2022-07-18 23:08:03,52.937,41.5043,55.49,96,86,11.39
25,Palmer,US,2022-07-18 23:08:03,42.1584,-72.3287,76.51,85,100,3.0
26,Ikungi,TZ,2022-07-18 23:08:04,-5.1333,34.7667,56.39,75,39,9.8
27,Margate,GB,2022-07-18 23:05:31,51.3813,1.3862,75.69,64,38,1.01
28,Airai,TL,2022-07-18 23:08:04,-8.9266,125.4092,54.25,53,93,2.68
29,Souillac,MU,2022-07-18 23:06:28,-20.5167,57.5167,69.15,64,54,21.16
30,Kodiak,US,2022-07-18 23:07:52,57.79,-152.4072,56.71,72,20,5.75
31,North Valley,US,2022-07-18 23:08:05,35.1734,-106.6234,102.13,18,40,8.05
32,Luis Moya,MX,2022-07-18 23:08:05,22.4324,-102.2486,82.47,22,51,7.47
33,Hobart,AU,2022-07-18 23:07:06,-42.8794,147.3294,44.26,85,75,8.05
34,Mount Gambier,AU,2022-07-18 23:05:16,-37.8333,140.7667,37.31,100,100,0.0
35,Hambantota,LK,2022-07-18 23:08:06,6.1241,81.1185,78.31,83,48,13.09
36,Qaanaaq,GL,2022-07-18 23:08:06,77.484,-69.3632,45.12,59,0,5.3
37,Kapaa,US,2022-07-18 23:08:07,22.0752,-159.319,85.98,73,20,20.71
38,Cidreira,BR,2022-07-18 23:08:07,-30.1811,-50.2056,56.79,92,0,3.8
39,Nikolskoye,RU,2022-07-18 23:08:07,59.7035,30.7861,55.8,92,59,4.63
40,Alice Springs,AU,2022-07-18 23:08:08,-23.7,133.8833,49.55,46,68,5.75
41,Torbay,CA,2022-07-18 23:08:08,47.6666,-52.7314,67.53,76,51,12.86
42,Bethel,US,2022-07-18 23:05:53,41.3712,-73.414,76.55,92,100,11.5
43,Plouzane,FR,2022-07-18 23:08:08,48.3833,-4.6167,82.72,45,0,5.75
44,Kruisfontein,ZA,2022-07-18 23:06:59,-34.0033,24.7314,56.88,93,54,2.77
45,La Ronge,CA,2022-07-18 23:08:09,55.1001,-105.2842,73.89,39,35,7.76
46,Helong,CN,2022-07-18 23:08:09,42.5397,128.9972,68.5,89,44,1.5
47,Ocampo,MX,2022-07-18 23:08:09,21.65,-101.5,62.37,62,78,12.08
48,Sharjah,AE,2022-07-18 23:08:04,25.3573,55.4033,96.78,46,0,11.5
49,Waingapu,ID,2022-07-18 23:09:10,-9.6567,120.2641,73.45,79,32,8.03
50,Sabzevar,IR,2022-07-18 23:07:17,36.2126,57.6819,83.12,14,0,11.39
51,Vila Franca Do Campo,PT,2022-07-18 23:09:11,37.7167,-25.4333,72.01,92,35,1.9
52,Naze,JP,2022-07-18 23:09:11,28.3667,129.4833,81.37,85,100,16.44
53,Avarua,CK,2022-07-18 23:09:12,-21.2078,-159.775,77.05,69,75,10.36
54,Bredasdorp,ZA,2022-07-18 23:09:12,-34.5322,20.0403,53.92,86,100,2.08
55,Umtata,ZA,2022-07-18 23:09:13,-31.5889,28.7844,53.04,38,10,4.5
56,Mar Del Plata,AR,2022-07-18 23:07:42,-38.0023,-57.5575,47.08,81,0,5.75
57,Pimentel,PE,2022-07-18 23:09:13,-6.8367,-79.9342,62.89,77,75,14.97
58,Nosy Varika,MG,2022-07-18 23:09:14,-20.5833,48.5333,68.22,86,66,12.82
59,Butaritari,KI,2022-07-18 23:09:14,3.0707,172.7902,82.58,75,10,19.57
60,Khatanga,RU,2022-07-18 23:05:52,71.9667,102.5,53.24,74,100,4.05
61,Chuy,UY,2022-07-18 23:09:15,-33.6971,-53.4616,47.75,82,2,3.0
62,Jumla,NP,2022-07-18 23:09:15,29.2747,82.1838,63.79,93,89,1.54
63,Shingu,JP,2022-07-18 23:09:16,33.7333,135.9833,80.69,85,100,7.83
64,Kambove,CD,2022-07-18 23:09:16,-10.8764,26.5969,55.49,56,7,4.16
65,Bannu,PK,2022-07-18 23:09:16,32.9854,70.6027,92.01,47,0,2.95
66,Mataura,NZ,2022-07-18 23:09:17,-46.1927,168.8643,45.48,95,100,1.61
67,Husavik,IS,2022-07-18 23:09:17,66.0449,-17.3389,50.92,82,82,3.96
68,Hilo,US,2022-07-18 23:07:02,19.7297,-155.09,88.29,72,75,9.22
69,Den Helder,NL,2022-07-18 23:09:18,52.9599,4.7593,71.02,68,19,3.0
70,Ribeira Grande,PT,2022-07-18 23:09:18,38.5167,-28.7,72.43,91,27,6.24
71,Kushima,JP,2022-07-18 23:09:18,31.4583,131.2333,82.17,86,100,11.9
72,Taltal,CL,2022-07-18 23:09:19,-25.4,-70.4833,60.46,71,12,5.08
73,Kavieng,PG,2022-07-18 23:08:31,-2.5744,150.7967,83.53,73,100,12.12
74,Pisco,PE,2022-07-18 23:04:38,-13.7,-76.2167,62.65,77,0,6.91
75,Prachuap Khiri Khan,TH,2022-07-18 23:09:20,12.2167,99.75,75.87,82,59,8.41
76,Richards Bay,ZA,2022-07-18 23:09:21,-28.783,32.0377,66.4,81,0,11.63
77,Bataipora,BR,2022-07-18 23:09:21,-22.2953,-53.2711,70.66,59,98,5.61
78,Katsuura,JP,2022-07-18 23:09:21,35.1333,140.3,80.62,89,100,21.94
79,Lamani,HN,2022-07-18 23:09:22,14.2,-87.6167,76.82,81,85,6.87
80,Santa Isabel Do Para,BR,2022-07-18 23:09:22,-1.2986,-48.1606,76.82,88,89,4.72
81,Vao,NC,2022-07-18 23:09:22,-22.6667,167.4833,72.54,86,99,13.49
82,Sarahan,IN,2022-07-18 23:09:23,31.5167,77.8,65.28,96,58,1.83
83,Norman Wells,CA,2022-07-18 23:07:47,65.282,-126.8329,64.63,79,100,5.23
84,Barrow,US,2022-07-18 23:09:23,71.2906,-156.7887,42.82,81,100,19.57
85,Magadan,RU,2022-07-18 23:09:24,59.5667,150.8,60.53,83,92,7.54
86,Micheweni,TZ,2022-07-18 23:09:24,-4.9667,39.8333,74.93,77,30,13.31
87,Drayton Valley,CA,2022-07-18 23:09:25,53.2168,-114.9854,73.76,67,73,5.14
88,Ballina,AU,2022-07-18 23:09:25,-28.8667,153.5667,53.02,99,41,10.36
89,Vaini,TO,2022-07-18 23:10:26,-21.2,-175.2,78.96,83,40,12.66
90,Thinadhoo,MV,2022-07-18 23:10:26,0.5333,72.9333,83.17,70,99,12.55
91,Bluff,NZ,2022-07-18 23:10:27,-46.6,168.3333,45.81,74,100,15.3
92,Harper,LR,2022-07-18 23:10:27,4.375,-7.7169,74.44,77,84,10.18
93,A Coruna,ES,2022-07-18 23:10:28,43.3713,-8.396,68.72,75,20,8.01
94,Busselton,AU,2022-07-18 23:10:28,-33.65,115.3333,50.23,86,0,8.25
95,Poquoson,US,2022-07-18 23:10:29,37.1224,-76.3458,93.07,61,0,13.8
96,Ikom,NG,2022-07-18 23:10:29,5.9667,8.7063,71.71,94,98,2.62
97,Butembo,CD,2022-07-18 23:10:29,0.15,29.2833,59.04,84,98,1.1
98,Winnemucca,US,2022-07-18 23:10:30,40.973,-117.7357,87.85,27,20,5.75
99,Khasan,RU,2022-07-18 23:10:30,42.4308,130.6434,64.99,94,99,2.62
100,Hanzhong,CN,2022-07-18 23:10:30,33.0728,107.0303,65.44,98,100,2.57
101,Ladario,BR,2022-07-18 23:10:31,-19.0047,-57.6017,78.12,40,81,0.81
102,Meulaboh,ID,2022-07-18 23:10:31,4.1363,96.1285,75.34,87,77,4.83
103,Dzilam Gonzalez,MX,2022-07-18 23:10:31,21.2833,-88.9333,88.36,60,66,10.83
104,Lompoc,US,2022-07-18 23:10:32,34.6391,-120.4579,83.84,57,0,14.97
105,Port Alfred,ZA,2022-07-18 23:10:32,-33.5906,26.891,64.11,58,82,8.59
106,Mwene-Ditu,CD,2022-07-18 23:10:32,-7.0,23.45,74.07,35,86,4.0
107,Guerrero Negro,MX,2022-07-18 23:06:40,27.9769,-114.0611,80.89,51,3,14.14
108,Ambon,ID,2022-07-18 23:10:33,-3.6954,128.1814,77.23,15,75,2.3
109,Beckley,US,2022-07-18 23:08:18,37.7782,-81.1882,73.81,85,40,10.36
110,Yellowknife,CA,2022-07-18 23:10:33,62.456,-114.3525,73.35,42,80,5.86
111,Kungalv,SE,2022-07-18 23:10:34,57.871,11.9805,62.11,94,56,7.72
112,Cape Town,ZA,2022-07-18 23:07:07,-33.9258,18.4232,60.39,77,10,7.0
113,Praia Da Vitoria,PT,2022-07-18 23:09:50,38.7333,-27.0667,72.75,88,74,8.43
114,Senno,RU,2022-07-18 23:10:34,59.5336,33.9167,44.26,98,14,3.29
115,Fortuna,US,2022-07-18 23:10:34,40.5982,-124.1573,72.93,64,18,3.0
116,Boa Vista,BR,2022-07-18 23:10:35,2.8197,-60.6733,78.78,83,75,1.14
117,Flin Flon,CA,2022-07-18 23:10:35,54.7682,-101.865,86.32,27,23,5.44
118,Caravelas,BR,2022-07-18 23:10:35,-17.7125,-39.2481,70.95,76,31,4.61
119,Provideniya,RU,2022-07-18 23:08:23,64.3833,-173.3,44.37,81,75,15.99
120,Road Town,VG,2022-07-18 23:10:36,18.4167,-64.6167,82.44,74,40,13.8
121,Fairbanks,US,2022-07-18 23:06:27,64.8378,-147.7164,62.6,69,100,16.11
122,Thompson,CA,2022-07-18 23:10:37,55.7435,-97.8558,83.98,27,34,3.22
123,Zeya,RU,2022-07-18 23:10:37,53.75,127.2667,68.09,87,100,0.96
124,Tasiilaq,GL,2022-07-18 23:10:37,65.6145,-37.6368,41.16,84,49,1.05
125,Ahipara,NZ,2022-07-18 23:07:06,-35.1667,173.1667,62.1,81,87,12.37
126,Puerto Ayora,EC,2022-07-18 23:07:42,-0.7393,-90.3518,69.55,94,92,5.01
127,Vestmannaeyjar,IS,2022-07-18 23:10:38,63.4427,-20.2734,51.67,88,100,11.61
128,Moree,AU,2022-07-18 23:10:38,-29.4667,149.85,48.38,57,0,5.5
129,Sao Joao Da Barra,BR,2022-07-18 23:10:38,-21.6403,-41.0511,71.22,87,2,9.82
130,Serendah,MY,2022-07-18 23:10:39,3.3646,101.6041,76.23,95,84,1.19
131,Port Hardy,CA,2022-07-18 23:10:39,50.6996,-127.4199,56.84,88,100,4.18
132,Upernavik,GL,2022-07-18 23:10:39,72.7868,-56.1549,43.95,75,100,1.34
133,Brae,GB,2022-07-18 23:10:40,60.3964,-1.353,55.65,91,76,8.21
134,Hithadhoo,MV,2022-07-18 23:05:45,-0.6,73.0833,81.39,76,100,12.01
135,Taoudenni,ML,2022-07-18 23:11:41,22.6783,-3.9836,99.32,6,0,6.98
136,Jalu,LY,2022-07-18 23:11:41,29.0331,21.5482,83.98,34,0,11.36
137,Port Elizabeth,ZA,2022-07-18 23:08:35,-33.918,25.5701,62.31,92,38,1.01
138,Eskil,TR,2022-07-18 23:11:42,38.4017,33.4131,64.18,70,12,16.02
139,Abaujszanto,HU,2022-07-18 23:11:42,48.2833,21.2,65.46,48,44,3.53
140,Castro,BR,2022-07-18 23:11:42,-24.7911,-50.0119,57.25,99,100,3.8
141,Carnarvon,AU,2022-07-18 23:11:43,-24.8667,113.6333,60.42,67,0,13.33
142,Durusu,TR,2022-07-18 23:11:43,41.3053,28.6767,72.84,65,0,15.01
143,Lorengau,PG,2022-07-18 23:09:36,-2.0226,147.2712,82.65,72,96,5.26
144,Coihaique,CL,2022-07-18 23:09:02,-45.5752,-72.0662,39.15,75,75,3.44
145,Berezovo,RU,2022-07-18 23:11:44,63.9381,65.0419,59.14,69,99,3.04
146,Sinjai,ID,2022-07-18 23:11:44,-5.1241,120.253,77.04,89,99,2.01
147,Vyshestebliyevskaya,RU,2022-07-18 23:11:45,45.1961,37.0181,57.61,53,0,18.63
148,Kutum,SD,2022-07-18 23:11:22,14.2,24.6667,76.17,59,68,17.34
149,Bac Lieu,VN,2022-07-18 23:11:45,9.285,105.7244,78.82,88,100,7.72
150,Muros,ES,2022-07-18 23:11:45,42.7762,-9.0603,68.09,79,14,9.75
151,Zhezkazgan,KZ,2022-07-18 23:11:46,47.8043,67.7144,75.2,54,33,8.46
152,Porto Walter,BR,2022-07-18 23:11:46,-8.2686,-72.7439,73.42,97,57,2.64
153,Sola,VU,2022-07-18 23:11:46,-13.8833,167.55,80.64,77,35,20.56
154,San Cristobal,VE,2022-07-18 23:11:47,7.7669,-72.225,68.2,89,100,2.66
155,Kuantan,MY,2022-07-18 23:11:47,3.8077,103.326,77.79,92,95,3.94
156,Tunceli,TR,2022-07-18 23:11:47,39.1083,39.5471,68.77,69,0,7.25
157,Zdice,CZ,2022-07-18 23:11:47,49.9121,13.9775,65.59,64,74,3.2
158,Valparaiso,CL,2022-07-18 23:11:48,-33.0393,-71.6273,55.04,75,0,2.3
159,Mayo,US,2022-07-18 23:11:48,38.8876,-76.5119,86.49,81,40,4.0
160,Plettenberg Bay,ZA,2022-07-18 23:09:42,-34.0527,23.3716,59.7,85,88,4.56
161,Lagos,NG,2022-07-18 23:11:48,6.5833,3.75,74.5,83,77,4.47
162,Zhangye,CN,2022-07-18 23:11:49,38.9342,100.4517,64.11,47,86,7.02
163,Gat,IL,2022-07-18 23:11:49,31.61,34.7642,79.39,79,0,0.34
164,Yamethin,MM,2022-07-18 23:07:22,20.4333,96.15,77.0,88,100,7.23
165,Joshimath,IN,2022-07-18 23:11:49,30.5667,79.5667,72.36,94,84,1.52
166,Ayan,RU,2022-07-18 23:11:50,56.45,138.1667,56.73,97,100,10.51
167,Georgetown,MY,2022-07-18 23:07:16,5.4112,100.3354,82.33,93,40,2.3
168,Touros,BR,2022-07-18 23:11:50,-5.1989,-35.4608,75.97,85,83,14.05
169,Letterkenny,IE,2022-07-18 23:11:50,54.95,-7.7333,63.23,94,100,2.06
170,Vrakhation,GR,2022-07-18 23:11:51,37.959,22.8057,79.39,50,0,4.43
171,Pangnirtung,CA,2022-07-18 23:11:51,66.1451,-65.7125,48.31,69,98,2.86
172,New Norfolk,AU,2022-07-18 23:11:21,-42.7826,147.0587,43.92,88,78,2.55
173,Coahuayana,MX,2022-07-18 23:07:01,18.7333,-103.6833,86.68,67,98,4.54
174,Shimoda,JP,2022-07-18 23:11:40,34.6667,138.95,79.72,92,100,17.74
175,Atuona,PF,2022-07-18 23:11:52,-9.8,-139.0333,77.65,67,62,16.11
176,Kuito,AO,2022-07-18 23:11:52,-12.3833,16.9333,53.22,43,3,2.3
177,Saldanha,ZA,2022-07-18 23:07:45,-33.0117,17.9442,55.38,79,0,10.16
178,Lexington,US,2022-07-18 23:10:26,37.9887,-84.4777,82.92,72,40,3.44
179,Tabou,CI,2022-07-18 23:11:52,4.423,-7.3528,75.16,76,97,10.07
180,Gizo,SB,2022-07-18 23:11:53,-8.103,156.8419,83.19,65,67,5.61
181,Luanda,AO,2022-07-18 23:12:53,-8.8368,13.2343,68.2,92,0,5.99
182,Hami,CN,2022-07-18 23:12:53,42.8,93.45,77.83,32,92,6.62
183,Adrar,MR,2022-07-18 23:12:53,20.5022,-10.0711,96.13,15,57,5.28
184,Ust-Maya,RU,2022-07-18 23:12:54,60.4167,134.5333,73.44,48,100,10.63
185,Mazatlan,MX,2022-07-18 23:12:10,23.2167,-106.4167,87.76,79,75,10.36
186,Athmallik,IN,2022-07-18 23:12:54,20.7219,84.5348,76.53,89,94,2.15
187,Hlotse,LS,2022-07-18 23:12:55,-28.8718,28.045,41.58,46,0,2.44
188,Moba,CN,2022-07-18 23:12:55,33.2288,105.0179,59.05,75,100,5.39
189,Nome,US,2022-07-18 23:12:56,64.5011,-165.4064,44.67,76,100,21.85
190,Abong Mbang,CM,2022-07-18 23:12:56,3.9833,13.1833,67.37,94,100,2.93
191,Esperance,AU,2022-07-18 23:12:56,-33.8667,121.9,51.64,89,33,5.44
192,Tevaitoa,PF,2022-07-18 23:12:57,-16.7833,-151.5,76.6,66,36,5.66
193,Sisimiut,GL,2022-07-18 23:12:57,66.9395,-53.6735,45.09,90,100,2.42
194,Manokwari,ID,2022-07-18 23:12:06,-0.8667,134.0833,80.33,72,73,0.18
195,Deputatskiy,RU,2022-07-18 23:12:57,69.3,139.9,41.61,87,100,3.69
196,Lubartow,PL,2022-07-18 23:12:58,51.4603,22.6095,63.46,75,97,6.35
197,Mbandaka,CD,2022-07-18 23:10:56,0.0487,18.2603,67.6,98,100,4.45
198,Synya,RU,2022-07-18 23:12:58,65.3718,58.0387,57.92,89,50,2.98
199,Wilmington,US,2022-07-18 23:12:59,34.2257,-77.9447,85.95,76,20,12.66
200,Kaitangata,NZ,2022-07-18 23:11:45,-46.2817,169.8464,46.4,91,100,7.96
201,Staryy Nadym,RU,2022-07-18 23:12:59,65.6118,72.6842,54.46,65,18,11.03
202,General Roca,AR,2022-07-18 23:13:00,-39.0333,-67.5833,45.63,32,91,6.85
203,Keflavik,IS,2022-07-18 23:13:00,64.0049,-22.5624,52.23,82,100,3.44
204,Port-Gentil,GA,2022-07-18 23:13:00,-0.7193,8.7815,75.16,83,40,8.05
205,Nouadhibou,MR,2022-07-18 23:13:01,20.931,-17.0347,68.47,89,22,16.35
206,Aklavik,CA,2022-07-18 23:13:01,68.2191,-135.0107,67.6,56,100,11.86
207,Mangrol,IN,2022-07-18 23:13:01,21.1167,70.1167,80.73,84,99,14.56
208,Itanhandu,BR,2022-07-18 23:13:02,-22.2958,-44.9347,61.41,90,85,3.38
209,Yangambi,CD,2022-07-18 23:13:02,0.8102,24.4336,68.31,95,100,1.63
210,Longyearbyen,SJ,2022-07-18 23:13:03,78.2186,15.6401,51.64,66,40,9.22
211,Lagoa,PT,2022-07-18 23:13:03,39.05,-27.9833,69.31,89,82,11.72
212,Guayaramerin,BO,2022-07-18 23:13:03,-10.8368,-65.3614,79.23,59,7,1.21
213,Inhambane,MZ,2022-07-18 23:13:04,-23.865,35.3833,68.05,88,2,1.63
214,Arraial Do Cabo,BR,2022-07-18 23:11:06,-22.9661,-42.0278,71.1,85,94,10.89
215,Adjumani,UG,2022-07-18 23:09:21,3.3779,31.7909,66.67,92,98,0.85
216,Dingle,PH,2022-07-18 23:13:04,10.9995,122.6711,74.89,97,100,9.71
217,Marquette,US,2022-07-18 23:09:52,46.5333,-87.6335,87.78,69,20,6.29
218,Mouzouras,GR,2022-07-18 23:13:05,35.5333,24.15,73.4,78,0,5.75
219,Kahului,US,2022-07-18 23:13:05,20.8947,-156.47,89.62,59,20,23.02
220,Umm Lajj,SA,2022-07-18 23:13:05,25.0213,37.2685,85.87,57,0,8.32
221,Norden,DE,2022-07-18 23:13:06,53.6,7.2,66.94,68,8,5.82
222,Ust-Kuyga,RU,2022-07-18 23:13:06,70.0167,135.6,42.28,85,100,11.3
223,San Quintin,MX,2022-07-18 23:13:06,30.4833,-115.95,75.52,60,2,9.35
224,Markova,UA,2022-07-18 23:13:07,48.6758,24.4138,55.15,66,33,4.65
225,Belmonte,BR,2022-07-18 23:09:45,-15.8631,-38.8828,71.29,80,20,7.09
226,Cockburn Town,TC,2022-07-18 23:14:07,21.4612,-71.1419,81.73,81,0,17.81
227,Mantua,IT,2022-07-18 23:14:08,45.1667,10.7833,81.64,71,12,3.0
228,Namatanai,PG,2022-07-18 23:14:08,-3.6667,152.4333,83.59,69,96,8.23
229,Guane,CU,2022-07-18 23:14:09,22.2025,-84.0875,85.78,68,4,4.43
230,Geraldton,AU,2022-07-18 23:10:53,-28.7667,114.6,52.21,93,32,9.22
231,Somerville,US,2022-07-18 23:14:09,42.3876,-71.0995,78.78,90,100,10.36
232,Dolores,AR,2022-07-18 23:14:10,-36.3132,-57.6792,45.5,59,54,5.7
233,Nuuk,GL,2022-07-18 23:14:10,64.1835,-51.7216,48.81,76,75,6.91
234,Ponta Do Sol,PT,2022-07-18 23:14:11,32.6667,-17.1,71.71,81,10,3.94
235,San Angelo,US,2022-07-18 23:14:08,31.4638,-100.437,109.11,15,0,11.5
236,Luderitz,NA,2022-07-18 23:14:11,-26.6481,15.1594,57.18,86,1,12.82
237,Raudeberg,NO,2022-07-18 23:14:12,61.9875,5.1352,54.27,83,98,8.08
238,Komsomolskiy,UZ,2022-07-18 23:14:12,40.4272,71.7189,79.52,29,0,11.5
239,Merauke,ID,2022-07-18 23:14:12,-8.4667,140.3333,77.34,85,88,12.44
240,Cap-Aux-Meules,CA,2022-07-18 23:13:01,47.3821,-61.8597,67.86,83,71,17.36
241,Inirida,CO,2022-07-18 23:14:13,3.8653,-67.9239,75.52,96,81,0.92
242,Winnipeg,CA,2022-07-18 23:10:12,49.8844,-97.147,87.1,58,37,8.99
243,Chumikan,RU,2022-07-18 23:14:13,54.7183,135.315,52.63,99,100,13.65
244,Axim,GH,2022-07-18 23:14:13,4.8699,-2.2405,74.88,79,95,8.61
245,Wanning,CN,2022-07-18 23:14:14,18.8003,110.3967,82.54,89,97,9.42
246,Pacific Grove,US,2022-07-18 23:14:14,36.6177,-121.9166,80.55,80,0,10.36
247,Faanui,PF,2022-07-18 23:14:15,-16.4833,-151.75,76.55,68,63,6.38
248,Lethem,GY,2022-07-18 23:14:15,3.3803,-59.7968,78.1,85,89,5.41
249,Ilulissat,GL,2022-07-18 23:14:15,69.2167,-51.1,50.02,66,20,3.44
250,Dawei,MM,2022-07-18 23:14:16,14.0833,98.2,76.93,93,84,0.78
251,Lucea,JM,2022-07-18 23:14:16,18.451,-78.1736,81.86,83,97,10.07
252,Calabozo,VE,2022-07-18 23:14:16,8.9242,-67.4293,76.75,91,61,4.68
253,Ambulu,ID,2022-07-18 23:14:17,-8.345,113.6058,72.82,89,86,3.91
254,Novyy Urgal,RU,2022-07-18 23:14:17,51.0736,132.5642,63.1,87,100,1.12
255,Mandalgovi,MN,2022-07-18 23:14:17,45.7625,106.2708,69.94,36,96,9.6
256,Bereda,ES,2022-07-18 23:14:18,43.2686,-7.5406,57.49,97,12,1.74
257,San Jose,US,2022-07-18 23:12:25,37.3394,-121.895,98.85,39,20,14.97
258,Hamilton,US,2022-07-18 23:09:27,39.1834,-84.5333,84.6,68,40,5.75
259,North Bend,US,2022-07-18 23:14:18,43.4065,-124.2243,84.24,81,0,28.77
260,Hualmay,PE,2022-07-18 23:14:19,-11.0964,-77.6139,63.5,79,65,11.12
261,Kirakira,SB,2022-07-18 23:14:19,-10.4544,161.9205,82.72,73,14,6.64
262,Harnosand,SE,2022-07-18 23:14:19,62.6323,17.9379,55.0,79,74,8.61
263,Klaksvik,FO,2022-07-18 23:12:08,62.2266,-6.589,50.92,88,100,12.66
264,Chokurdakh,RU,2022-07-18 23:10:46,70.6333,147.9167,43.25,62,83,13.51
265,Sarkand,KZ,2022-07-18 23:14:20,45.41,79.9186,62.19,56,77,3.15
266,Havelock,US,2022-07-18 23:14:20,34.8791,-76.9013,84.18,87,0,8.05
267,Chute-Aux-Outardes,CA,2022-07-18 23:14:21,49.1168,-68.399,63.1,90,82,1.83
268,Mulege,MX,2022-07-18 23:14:21,26.8833,-111.9833,94.17,45,9,9.4
269,Makakilo City,US,2022-07-18 23:12:22,21.3469,-158.0858,84.52,63,100,18.41
270,Bubaque,GW,2022-07-18 23:12:15,11.2833,-15.8333,79.59,84,99,11.41
271,Okha,RU,2022-07-18 23:14:22,53.5739,142.9478,53.67,98,98,15.5
272,Maun,BW,2022-07-18 23:14:22,-19.9833,23.4167,52.79,56,0,6.22
273,Labuhan,ID,2022-07-18 23:14:22,-6.8844,112.2051,75.74,87,99,7.18
274,Moron,AR,2022-07-18 23:15:23,-34.6534,-58.6198,55.15,50,71,5.23
275,Guaratinga,BR,2022-07-18 23:15:23,-16.5667,-39.5667,64.76,83,7,3.0
276,East London,ZA,2022-07-18 23:15:23,-33.0153,27.9116,69.12,35,13,9.78
277,Linhares,BR,2022-07-18 23:15:24,-19.3911,-40.0722,66.74,87,33,4.16
278,Cervo,ES,2022-07-18 23:15:24,43.6702,-7.4101,63.97,89,57,5.14
279,Ancud,CL,2022-07-18 23:15:24,-41.8697,-73.8203,42.22,74,13,8.01
280,Sinnamary,GF,2022-07-18 23:15:25,5.3833,-52.95,78.53,85,33,8.75
281,Portree,GB,2022-07-18 23:15:25,57.4129,-6.1942,60.53,89,97,3.67
282,Parkersburg,US,2022-07-18 23:15:26,39.2667,-81.5615,78.01,79,75,3.44
283,Severo-Kurilsk,RU,2022-07-18 23:15:26,50.6789,156.125,56.3,88,94,6.13
284,Pevek,RU,2022-07-18 23:15:27,69.7008,170.3133,32.99,83,100,4.38
285,San Juan,AR,2022-07-18 23:12:23,-31.5375,-68.5364,49.35,44,0,6.02
286,Cherskiy,RU,2022-07-18 23:15:27,68.75,161.3,57.92,48,66,9.64
287,Baykit,RU,2022-07-18 23:15:27,61.67,96.37,57.16,97,96,5.91
288,Bairiki,KI,2022-07-18 23:15:27,1.3292,172.9752,86.0,70,20,17.27
289,Batagay-Alyta,RU,2022-07-18 23:15:28,67.8006,130.4114,46.92,91,100,5.68
290,Bambous Virieux,MU,2022-07-18 23:15:28,-20.3428,57.7575,69.22,73,75,20.71
291,Nanortalik,GL,2022-07-18 23:12:28,60.1432,-45.2371,46.56,81,81,4.41
292,Hervey Bay,AU,2022-07-18 23:15:28,-25.2986,152.8535,63.82,66,56,12.66
293,Korla,CN,2022-07-18 23:12:17,41.7597,86.1469,80.04,18,4,13.09
294,Acajutla,SV,2022-07-18 23:15:29,13.5928,-89.8275,84.83,73,64,5.5
295,Ystad,SE,2022-07-18 23:12:32,55.4297,13.8204,65.14,77,93,8.61
296,Nandigama,IN,2022-07-18 23:15:30,16.7833,80.3,78.17,86,99,4.18
297,Faya,SA,2022-07-18 23:15:30,18.3851,42.4509,68.52,39,55,4.23
298,Hermanus,ZA,2022-07-18 23:15:30,-34.4187,19.2345,54.81,82,98,3.15
299,Magistralnyy,RU,2022-07-18 23:15:31,56.1725,107.4458,63.59,73,82,2.1
300,Port Lincoln,AU,2022-07-18 23:11:11,-34.7333,135.8667,53.29,62,100,11.27
301,Dewa,IN,2022-07-18 23:15:31,27.0333,81.1667,86.0,54,80,9.26
302,Issenye,TZ,2022-07-18 23:15:31,-2.0,34.3333,67.95,52,90,4.43
303,Doha,QA,2022-07-18 23:12:13,25.2867,51.5333,95.31,55,0,4.61
304,San Patricio,US,2022-07-18 23:15:32,28.017,-97.5169,96.19,52,48,16.6
305,Suicheng,CN,2022-07-18 23:15:32,33.8963,117.9331,79.09,79,70,5.59
306,Marystown,CA,2022-07-18 23:15:32,47.1666,-55.1483,63.86,100,91,3.0
307,Morgan City,US,2022-07-18 23:15:33,29.6994,-91.2068,90.0,67,98,9.28
308,Hirara,JP,2022-07-18 23:15:33,24.8,125.2833,87.66,79,75,18.41
309,Kailua,US,2022-07-18 23:15:34,21.4022,-157.7394,85.98,75,100,12.66
310,Bengkulu,ID,2022-07-18 23:10:49,-3.8004,102.2655,74.91,88,3,4.09
311,Svetlogorsk,BY,2022-07-18 23:15:34,52.6333,29.7333,55.92,85,89,5.88
312,Manzil Kamil,TN,2022-07-18 23:15:35,35.6248,10.6673,78.24,78,0,5.75
313,Vasai,IN,2022-07-18 23:15:35,19.47,72.8,80.69,87,100,5.7
314,Alzamay,RU,2022-07-18 23:15:35,55.5562,98.6644,54.66,93,57,2.8
315,Tuktoyaktuk,CA,2022-07-18 23:15:36,69.4541,-133.0374,66.2,82,100,10.36
316,Clyde River,CA,2022-07-18 23:15:36,70.4692,-68.5914,39.43,87,75,8.05
317,Salamanca,ES,2022-07-18 23:15:36,40.8333,-6.0,65.98,66,0,8.41
318,Vasteras,SE,2022-07-18 23:15:37,59.6162,16.5528,62.85,79,92,5.75
319,Sao Gabriel,BR,2022-07-18 23:12:10,-30.3364,-54.32,49.89,87,0,2.55
320,Bathsheba,BB,2022-07-18 23:12:34,13.2167,-59.5167,83.01,85,40,19.57
321,Alta Gracia,AR,2022-07-18 23:12:18,-31.6529,-64.4283,50.88,43,7,5.03
322,Saskylakh,RU,2022-07-18 23:16:38,71.9167,114.0833,44.19,80,100,13.53
323,Skelleftea,SE,2022-07-18 23:12:14,64.7507,20.9528,57.56,72,100,8.05
324,Sao Filipe,CV,2022-07-18 23:16:38,14.8961,-24.4956,77.07,77,18,10.67
325,Dehloran,IR,2022-07-18 23:16:39,32.6941,47.2679,99.82,10,0,6.8
326,Mangit,UZ,2022-07-18 23:16:39,40.5971,70.9607,83.05,21,0,8.32
327,Grenville,GD,2022-07-18 23:16:39,12.1167,-61.6167,80.65,82,6,17.0
328,Bay-Khaak,RU,2022-07-18 23:16:40,51.1667,94.5,54.36,79,100,2.57
329,Zacatecoluca,SV,2022-07-18 23:16:40,13.5,-88.8667,87.62,73,67,5.1
330,Thurso,GB,2022-07-18 23:16:40,58.5927,-3.5259,56.86,90,61,2.24
331,Grand Gaube,MU,2022-07-18 23:16:41,-20.0064,57.6608,69.39,67,67,11.99
332,Vila Velha,BR,2022-07-18 23:16:41,-20.3297,-40.2925,71.94,86,0,3.44
333,Oranjemund,NA,2022-07-18 23:16:41,-28.55,16.4333,55.15,94,33,6.26
334,Vanavara,RU,2022-07-18 23:16:42,60.34,102.2797,59.25,94,100,3.91
335,Akureyri,IS,2022-07-18 23:16:42,65.6835,-18.0878,53.53,82,75,8.05
336,Maple Creek,CA,2022-07-18 23:16:42,49.9168,-109.4848,68.41,68,84,11.5
337,Nioro,GM,2022-07-18 23:16:42,13.35,-15.75,79.79,80,100,5.95
338,San Vicente,AR,2022-07-18 23:16:43,-26.6167,-54.1333,54.99,98,100,2.19
339,Aksha,RU,2022-07-18 23:16:43,50.2814,113.2867,67.51,62,20,2.39
340,Codrington,AU,2022-07-18 23:16:44,-38.2667,141.9667,47.3,70,100,7.23
341,Los Llanos De Aridane,ES,2022-07-18 23:16:44,28.6585,-17.9182,69.55,93,75,19.57
342,Banjar,ID,2022-07-18 23:16:44,-8.19,114.9675,75.09,87,99,5.19
343,Tukrah,LY,2022-07-18 23:16:45,32.5341,20.5791,78.94,58,0,22.88
344,Mandera,KE,2022-07-18 23:16:45,3.9366,41.867,76.3,62,85,18.61
345,Suntar,RU,2022-07-18 23:16:45,62.1444,117.6319,60.69,90,100,5.77
346,Tiznit,MA,2022-07-18 23:16:46,29.5833,-9.5,80.53,46,38,2.51
347,Nador,MA,2022-07-18 23:16:46,35.174,-2.9287,77.25,83,0,3.44
348,Carutapera,BR,2022-07-18 23:16:46,-1.195,-46.02,77.31,86,70,8.14
349,Stephenville,US,2022-07-18 23:16:47,32.2207,-98.2023,107.24,18,0,9.22
350,Mahon,ES,2022-07-18 23:16:47,39.8885,4.2658,77.56,88,0,4.61
351,Kiunga,PG,2022-07-18 23:16:47,-6.1219,141.2906,73.67,99,100,1.14
352,Santa Teresa,VE,2022-07-18 23:16:48,10.2341,-66.6631,75.02,98,42,3.22
353,Maputo,MZ,2022-07-18 23:16:48,-25.9653,32.5892,65.44,90,0,5.12
354,San Ramon,US,2022-07-18 23:14:15,37.7799,-121.978,100.81,33,0,16.11
355,Zhigansk,RU,2022-07-18 23:16:49,66.7697,123.3711,52.72,78,100,16.6
356,Mingoyo,TZ,2022-07-18 23:16:49,-10.1,39.6333,65.91,97,73,4.14
357,Shakawe,BW,2022-07-18 23:16:49,-18.3667,21.85,51.71,51,0,3.53
358,Mana,GF,2022-07-18 23:16:50,5.6592,-53.7767,78.69,86,40,8.66
359,Bandarbeyla,SO,2022-07-18 23:16:50,9.4942,50.8122,76.03,77,83,33.71
360,Shubarshi,KZ,2022-07-18 23:16:50,48.5872,57.1869,86.11,25,28,12.59
361,Half Moon Bay,US,2022-07-18 23:16:51,37.4636,-122.4286,98.89,70,0,27.63
362,Ormara,PK,2022-07-18 23:16:51,25.2088,64.6357,83.16,87,66,7.72
363,Ludvika,SE,2022-07-18 23:16:51,60.1496,15.1878,62.4,84,80,1.88
364,Lebu,CL,2022-07-18 23:05:51,-37.6167,-73.65,45.09,76,91,3.65
365,Tual,ID,2022-07-18 23:16:52,-5.6667,132.75,79.66,81,34,19.73
366,Svetlaya,RU,2022-07-18 23:16:52,46.5389,138.3297,64.56,83,47,3.13
367,Olafsvik,IS,2022-07-18 23:16:53,64.8945,-23.7142,53.22,76,99,5.26
368,Sibolga,ID,2022-07-18 23:17:53,1.7427,98.7792,76.86,83,99,2.21
369,Aripuana,BR,2022-07-18 23:15:33,-9.1667,-60.6333,79.59,39,0,1.99
370,Narsaq,GL,2022-07-18 23:17:54,60.9167,-46.05,57.42,71,100,2.28
371,Kilrush,IE,2022-07-18 23:17:54,52.6397,-9.4833,64.15,93,100,4.03
372,Srednekolymsk,RU,2022-07-18 23:17:55,67.45,153.6833,67.53,41,98,8.32
373,Grabovo,RU,2022-07-18 23:17:55,53.3875,45.064,55.11,93,11,11.54
374,Kisangani,CD,2022-07-18 23:13:39,0.5167,25.2,69.85,97,100,1.3
375,Betera,ES,2022-07-18 23:17:55,39.5833,-0.45,80.29,67,0,4.61
376,Puerto Escondido,MX,2022-07-18 23:17:55,15.85,-97.0667,90.43,62,0,4.61
377,Sao Jose Da Coroa Grande,BR,2022-07-18 23:17:56,-8.8978,-35.1478,75.61,81,20,13.49
378,Leningradskiy,RU,2022-07-18 23:17:56,69.3833,178.4167,34.68,90,100,19.91
379,Mezen,RU,2022-07-18 23:17:56,65.8522,44.24,57.11,86,100,5.14
380,Nenjiang,CN,2022-07-18 23:17:57,49.1833,125.2167,70.81,79,70,5.19
381,Aswan,EG,2022-07-18 23:17:57,24.0934,32.907,87.91,20,2,8.99
382,Santa Marta,CO,2022-07-18 23:17:49,11.2408,-74.199,81.54,85,100,14.09
383,Vardo,NO,2022-07-18 23:17:57,70.3705,31.1107,53.58,87,20,0.0
384,Algeciras,ES,2022-07-18 23:17:58,36.1333,-5.4505,74.88,73,0,4.61
385,Cabo San Lucas,MX,2022-07-18 23:17:58,22.8909,-109.9124,93.61,65,20,11.5
386,La Rioja,ES,2022-07-18 23:17:58,42.25,-2.5,78.58,26,1,8.95
387,Llanes,ES,2022-07-18 23:17:58,43.4198,-4.7549,69.26,84,59,7.31
388,Oranjestad,AW,2022-07-18 23:17:59,12.524,-70.027,82.35,78,20,19.57
389,Okahandja,NA,2022-07-18 23:17:59,-21.9833,16.9167,51.6,37,0,9.17
390,El Alto,PE,2022-07-18 23:17:59,-4.2714,-81.2147,64.06,82,92,17.49
391,Muravlenko,RU,2022-07-18 23:18:00,63.7898,74.523,61.57,59,68,11.83
392,Lashio,MM,2022-07-18 23:18:00,22.9333,97.75,68.7,99,99,1.79
393,Pedro Juan Caballero,PY,2022-07-18 23:18:00,-22.5472,-55.7333,67.41,56,76,5.99
394,Mosquera,CO,2022-07-18 23:18:01,4.7059,-74.2302,60.89,59,40,9.22
395,Fairview,US,2022-07-18 23:13:02,40.8126,-73.999,81.63,85,40,13.8
396,New Haven,US,2022-07-18 23:18:01,41.4001,-72.9329,76.37,84,100,9.22
397,Sitka,US,2022-07-18 23:18:02,57.0531,-135.33,55.29,82,100,4.61
398,Yerbogachen,RU,2022-07-18 23:18:02,61.2767,108.0108,62.51,68,37,7.31
399,Seminole,US,2022-07-18 23:18:03,28.7086,-81.2081,91.67,80,83,7.05
400,Olinda,BR,2022-07-18 23:18:03,-8.0089,-34.8553,78.53,69,75,13.8
401,Isangel,VU,2022-07-18 23:18:04,-19.55,169.2667,80.71,83,75,2.3
402,Areia Branca,BR,2022-07-18 23:18:04,-4.9561,-37.1369,79.18,76,71,16.26
403,Alofi,NU,2022-07-18 23:18:04,-19.0595,-169.9187,78.69,69,75,17.27
404,Port Hedland,AU,2022-07-18 23:18:05,-20.3167,118.5667,55.45,88,3,9.22
405,Ugoofaaru,MV,2022-07-18 23:18:05,5.6667,73.0,81.86,75,100,16.78
406,Uvat,RU,2022-07-18 23:18:06,59.1433,68.8953,56.14,74,46,3.18
407,Kurara,IN,2022-07-18 23:18:06,25.9833,79.9833,91.72,51,63,7.45
408,Gemena,CD,2022-07-18 23:18:06,3.25,19.7667,68.83,99,98,2.19
409,Balagansk,RU,2022-07-18 23:18:07,54.0103,103.0544,60.44,94,100,7.65
410,Selikhino,RU,2022-07-18 23:18:07,50.3672,137.4996,58.1,99,100,5.79
411,Yumen,CN,2022-07-18 23:18:07,40.2833,97.2,68.43,33,30,3.42
412,Barra Patuca,HN,2022-07-18 23:18:08,15.8,-84.2833,80.69,87,100,13.47
413,Anadyr,RU,2022-07-18 23:18:08,64.75,177.4833,54.1,46,0,24.61
414,Launceston,AU,2022-07-18 23:13:56,-41.45,147.1667,36.16,92,100,4.61
415,Taikang,CN,2022-07-18 23:19:08,46.8333,124.4167,70.68,83,62,7.16
416,Lindau,DE,2022-07-18 23:19:09,47.55,9.6833,72.68,50,21,4.61
417,Burgeo,CA,2022-07-18 23:15:26,47.6167,-57.6152,62.13,95,100,5.08
418,Kaseda,JP,2022-07-18 23:19:09,31.4167,130.3167,81.88,88,96,19.57
419,Grants,US,2022-07-18 23:19:10,35.1473,-107.8514,89.83,19,62,18.41
420,Hauzenberg,DE,2022-07-18 23:19:10,48.65,13.6333,65.86,73,76,2.93
421,Lake City,US,2022-07-18 23:19:11,30.1897,-82.6393,85.71,78,0,4.61
422,Forestville,US,2022-07-18 23:19:11,38.8451,-76.875,83.61,79,20,8.05
423,Liliongan,PH,2022-07-18 23:19:11,7.3628,124.7928,72.64,95,100,2.91
424,Suruc,TR,2022-07-18 23:19:12,36.9761,38.425,84.96,34,0,9.71
425,Biak,ID,2022-07-18 23:19:12,-0.9131,122.8766,74.1,86,100,7.74
426,Marsa Matruh,EG,2022-07-18 23:19:13,31.3525,27.2453,76.8,75,0,13.13
427,Waipawa,NZ,2022-07-18 23:19:13,-41.4122,175.5153,56.46,65,100,9.82
428,Banepa,NP,2022-07-18 23:19:13,27.6298,85.5214,68.32,94,75,4.61
429,Shirhatti,IN,2022-07-18 23:17:04,15.2333,75.5833,70.18,92,100,12.55
430,Broome,US,2022-07-18 23:19:14,42.2506,-75.833,75.61,83,20,8.05
431,Santa Vitoria Do Palmar,BR,2022-07-18 23:15:21,-33.5189,-53.3681,47.59,82,10,1.72
432,Tanah Merah,MY,2022-07-18 23:19:14,5.8,102.15,76.82,98,99,1.57
433,Namibe,AO,2022-07-18 23:19:15,-15.1961,12.1522,64.8,86,63,3.13
434,Zharkent,KZ,2022-07-18 23:19:15,44.1628,80.0,68.36,42,5,1.72
435,Senneterre,CA,2022-07-18 23:19:15,48.3835,-77.2328,74.66,66,65,6.46
436,Imperia,IT,2022-07-18 23:19:16,43.9667,7.7833,79.34,63,6,7.38
437,Yabrud,SY,2022-07-18 23:19:16,33.9674,36.6574,70.83,40,0,0.83
438,Dunedin,NZ,2022-07-18 23:16:19,-45.8742,170.5036,46.78,87,100,5.37
439,Bani Walid,LY,2022-07-18 23:19:17,31.7566,13.9942,74.28,61,0,6.08
440,Hasaki,JP,2022-07-18 23:19:17,35.7333,140.8333,82.8,87,100,14.54
441,Semikarakorsk,RU,2022-07-18 23:19:17,47.5194,40.8112,62.58,48,0,9.44
442,Kalaikunda,IN,2022-07-18 23:19:18,22.35,87.25,80.78,88,97,5.26
443,Komatipoort,ZA,2022-07-18 23:19:18,-25.4332,31.9548,62.42,79,0,2.33
444,Balikpapan,ID,2022-07-18 23:19:18,-1.2675,116.8289,76.19,100,20,3.44
445,Kaohsiung,TW,2022-07-18 23:19:18,22.6163,120.3133,85.95,83,75,4.61
446,Palmas,BR,2022-07-18 23:19:19,-10.2128,-48.3603,78.67,50,0,2.3
447,Nemuro,JP,2022-07-18 23:19:19,43.3236,145.575,60.64,99,100,7.76
448,Mitsamiouli,KM,2022-07-18 23:19:19,-11.3847,43.2844,75.52,74,34,11.7
449,Te Anau,NZ,2022-07-18 23:19:20,-45.4167,167.7167,41.9,97,100,4.38
450,Porto Novo,BJ,2022-07-18 23:19:20,6.4965,2.6036,76.82,83,82,6.04
451,Kharagpur,IN,2022-07-18 23:19:20,22.3333,87.3333,80.69,88,98,5.55
452,Hobyo,SO,2022-07-18 23:19:21,5.3505,48.5268,75.65,81,47,26.62
453,Sorong,ID,2022-07-18 23:19:21,-0.8833,131.25,77.54,86,97,5.01
454,Basco,PH,2022-07-18 23:19:22,20.4487,121.9702,85.19,78,74,14.52
455,Theunissen,ZA,2022-07-18 23:19:22,-28.411,26.7011,46.13,44,0,6.11
456,Ambovombe,MG,2022-07-18 23:19:22,-25.1667,46.0833,64.72,77,1,14.52
457,Pasni,PK,2022-07-18 23:19:23,25.2631,63.471,82.96,89,33,12.21
458,Ixtapa,MX,2022-07-18 23:16:52,20.7,-105.2,87.03,55,75,8.05
459,Bestobe,KZ,2022-07-18 23:19:23,52.4994,73.0975,62.65,59,25,5.28
460,Lobito,AO,2022-07-18 23:19:23,-12.3481,13.5456,68.92,84,75,4.72
461,Lewistown,US,2022-07-18 23:15:35,40.5992,-77.5714,78.19,100,0,9.22
462,Soyo,AO,2022-07-18 23:19:24,-6.1349,12.3689,70.32,88,4,6.29
463,Puerto Madryn,AR,2022-07-18 23:17:14,-42.7692,-65.0385,46.71,41,16,11.3
464,Tocopilla,CL,2022-07-18 23:20:24,-22.092,-70.1979,62.44,71,28,7.14
465,Port Hawkesbury,CA,2022-07-18 23:20:25,45.6169,-61.3485,79.72,69,0,8.05
466,Matara,LK,2022-07-18 23:20:25,5.9485,80.5353,78.98,83,68,14.97
467,Inta,RU,2022-07-18 23:20:25,66.0317,60.1659,59.32,78,12,3.2
468,Udachnyy,RU,2022-07-18 23:20:26,66.4167,112.4,50.45,100,99,7.09
469,Port Blair,IN,2022-07-18 23:20:26,11.6667,92.75,77.04,100,75,2.3
470,Nabire,ID,2022-07-18 23:20:27,-3.3667,135.4833,77.4,89,98,2.3
471,Anqing,CN,2022-07-18 23:20:27,30.5092,117.0506,81.9,78,99,2.53
472,Karwar,IN,2022-07-18 23:20:28,14.8,74.1333,77.18,86,100,7.05
473,Port Keats,AU,2022-07-18 23:20:28,-14.25,129.55,69.66,58,14,6.93
474,Arkhara,RU,2022-07-18 23:20:28,49.4212,130.0842,65.84,88,100,6.93
475,Mackay,AU,2022-07-18 23:20:29,-21.15,149.2,69.67,77,0,9.66
476,Grand-Santi,GF,2022-07-18 23:20:29,4.25,-54.3833,74.62,99,68,3.58
477,Tambopata,PE,2022-07-18 23:20:29,-12.7333,-69.1833,76.26,73,77,2.89
478,Daru,PG,2022-07-18 23:20:30,-9.0763,143.2092,77.38,90,91,16.24
479,Krasnaya Zarya,RU,2022-07-18 23:20:30,52.7825,37.6806,50.92,93,4,9.17
480,Griffith,US,2022-07-18 23:20:30,41.5284,-87.4237,87.94,48,0,1.01
481,Zyryanka,RU,2022-07-18 23:20:31,65.75,150.85,62.2,63,100,3.04
482,Khani,GE,2022-07-18 23:20:31,41.9563,42.9566,63.97,98,100,1.03
483,Erenhot,CN,2022-07-18 23:15:43,43.6475,111.9767,74.52,26,100,7.2
484,Kendari,ID,2022-07-18 23:20:32,-3.945,122.4989,73.98,94,100,1.86
485,Tambovka,RU,2022-07-18 23:20:32,50.0969,128.0489,71.2,80,61,3.13
486,Agropoli,IT,2022-07-18 23:20:32,40.3469,14.9966,79.09,51,44,4.88
487,Coquimbo,CL,2022-07-18 23:18:15,-29.9533,-71.3436,55.13,87,0,4.61
488,Fare,PF,2022-07-18 23:20:33,-16.7,-151.0167,75.54,71,9,4.18
489,Dubrovnik,HR,2022-07-18 23:20:33,42.6481,18.0922,85.64,18,0,20.71
490,Capreol,CA,2022-07-18 23:20:34,46.706,-80.9225,84.67,45,75,12.66
491,Marawi,PH,2022-07-18 23:20:34,7.9986,124.2928,69.12,95,100,2.64
492,Bilibino,RU,2022-07-18 23:20:34,68.0546,166.4372,48.97,58,100,2.06
493,Debre Sina,ET,2022-07-18 23:20:34,9.85,39.7667,57.72,68,86,4.21
494,Santa Rosa,PH,2022-07-18 23:16:55,14.3122,121.1114,82.38,85,86,3.36
495,Tambun,ID,2022-07-18 23:17:10,-6.2641,107.0712,78.69,89,53,2.93
496,Sturgeon Falls,CA,2022-07-18 23:20:35,46.3646,-79.9326,82.89,53,7,5.97
497,Tooele,US,2022-07-18 23:20:36,40.5308,-112.2983,96.3,26,0,6.91
498,Vila,PT,2022-07-18 23:20:37,42.0304,-8.1588,56.7,84,13,4.7
499,Kabalo,CD,2022-07-18 23:20:37,-6.05,26.9167,75.63,40,26,4.59
500,Hermosillo,MX,2022-07-18 23:20:37,29.0667,-110.9667,104.2,32,75,9.22
501,Ylivieska,FI,2022-07-18 23:20:38,64.0833,24.55,58.32,88,97,7.45
502,Kilindoni,TZ,2022-07-18 23:20:38,-7.9139,39.6668,76.06,75,18,16.44
503,Okakarara,NA,2022-07-18 23:20:39,-20.5833,17.4333,48.79,42,0,5.35
504,Okhotsk,RU,2022-07-18 23:20:39,59.3833,143.3,60.3,82,100,2.19
505,Manbij,SY,2022-07-18 23:20:40,36.5281,37.9549,82.72,39,0,10.67
506,Dickinson,US,2022-07-18 23:20:04,29.4608,-95.0513,97.12,63,40,20.71
507,Tarauaca,BR,2022-07-18 23:20:40,-8.1614,-70.7656,78.42,78,45,3.31
508,Lisakovsk,KZ,2022-07-18 23:20:41,52.5369,62.4936,65.93,82,0,6.22
509,Talara,PE,2022-07-18 23:20:41,-4.5772,-81.2719,66.96,77,40,10.36
510,Konotop,UA,2022-07-18 23:20:41,51.2403,33.2026,52.83,89,12,5.95
511,George,ZA,2022-07-18 23:21:42,-33.963,22.4617,54.95,94,100,3.44
512,Lazaro Cardenas,MX,2022-07-18 23:21:42,17.9583,-102.2,85.26,68,93,9.06
513,Erzin,TR,2022-07-18 23:21:43,36.9559,36.2,75.99,71,0,1.05
514,Huarmey,PE,2022-07-18 23:21:43,-10.0681,-78.1522,64.44,81,65,10.22
515,Kroya,ID,2022-07-18 23:21:44,-7.6331,109.2461,75.52,90,99,6.38
516,Le Mars,US,2022-07-18 23:21:44,42.7942,-96.1656,89.44,48,0,14.97
517,Sangod,IN,2022-07-18 23:21:45,24.9167,76.2833,85.75,74,60,2.21
518,Chebsara,RU,2022-07-18 23:21:45,59.2002,38.8356,54.97,83,100,4.99
519,Puerto El Triunfo,SV,2022-07-18 23:21:45,13.2833,-88.55,94.06,67,59,5.93
520,Conceicao Do Araguaia,BR,2022-07-18 23:21:46,-8.2578,-49.2647,78.17,37,6,2.55
521,Victoriaville,CA,2022-07-18 23:21:46,46.0501,-71.9658,70.48,98,100,5.39
522,Dese,ET,2022-07-18 23:21:47,11.1333,39.6333,58.14,75,93,2.06
523,Arlit,NE,2022-07-18 23:21:47,18.7369,7.3853,91.42,30,86,8.79
524,Ochakiv,UA,2022-07-18 23:21:47,46.6128,31.5498,67.57,50,35,8.72
525,Lewiston,US,2022-07-18 23:19:18,44.1003,-70.2148,72.9,96,100,8.05
526,Danielskuil,ZA,2022-07-18 23:21:48,-28.1887,23.5395,47.75,59,0,8.3
527,Kitimat,CA,2022-07-18 23:21:48,54.0524,-128.6534,64.78,98,100,4.43
528,Rawson,AR,2022-07-18 23:21:48,-43.3002,-65.1023,44.44,49,55,15.32
529,Willowmore,ZA,2022-07-18 23:21:48,-33.2926,23.4895,52.77,54,18,3.91
530,Semey,KZ,2022-07-18 23:21:49,50.4111,80.2275,60.17,58,45,6.29
531,Biltine,TD,2022-07-18 23:21:49,14.5333,20.9167,84.97,54,32,10.92
532,Egvekinot,RU,2022-07-18 23:21:50,66.3167,-179.1667,46.74,49,95,14.23
533,Zaysan,KZ,2022-07-18 23:21:50,47.4667,84.8667,58.55,45,0,8.43
534,Turukhansk,RU,2022-07-18 23:21:50,65.8167,87.9833,56.95,68,100,11.83
535,Christiansfeld,DK,2022-07-18 23:21:51,55.3582,9.487,61.05,94,91,3.44
536,Phan Thiet,VN,2022-07-18 23:19:54,10.9333,108.1,78.57,86,100,7.45
537,Lata,PT,2022-07-18 23:20:39,40.1629,-8.3327,59.59,97,10,1.21
538,Aasiaat,GL,2022-07-18 23:21:51,68.7098,-52.8699,41.05,85,64,7.07
539,Avera,US,2022-07-18 23:21:52,33.194,-82.5271,89.65,59,80,8.81
540,Liling,CN,2022-07-18 23:21:52,27.6667,113.5,76.46,98,100,3.69
541,Sangar,RU,2022-07-18 23:21:52,63.9242,127.4739,75.47,69,41,8.9
542,Ojinaga,MX,2022-07-18 23:21:52,29.5667,-104.4167,105.57,21,0,9.22
543,Santa Cruz,BO,2022-07-18 23:21:32,-17.8,-63.1667,73.45,73,75,11.5
544,Urengoy,RU,2022-07-18 23:21:53,65.9667,78.3667,56.93,67,87,11.34
545,Canela,BR,2022-07-18 23:18:19,-29.3656,-50.8156,49.28,94,5,2.46
546,Changji,CN,2022-07-18 23:21:53,44.0167,87.3167,75.99,46,20,4.47
547,Vostok,RU,2022-07-18 23:21:54,46.4856,135.8833,67.6,77,85,2.17
548,Brownwood,US,2022-07-18 23:19:01,31.7093,-98.9912,111.2,23,21,13.85
549,Saint George,US,2022-07-18 23:17:43,37.1041,-113.5841,103.42,19,0,18.41
550,Greensburg,US,2022-07-18 23:20:09,40.3015,-79.5389,77.0,83,75,8.05
551,Parauna,BR,2022-07-18 23:21:54,-16.9478,-50.4486,73.33,27,0,5.32
552,Cravo Norte,CO,2022-07-18 23:21:54,6.3017,-70.2041,76.15,89,99,3.49
553,Inongo,CD,2022-07-18 23:21:55,-1.95,18.2667,66.74,95,90,4.7
554,Ca Mau,VN,2022-07-18 23:21:55,9.1769,105.15,77.58,92,97,4.41
555,Ambilobe,MG,2022-07-18 23:22:55,-13.2,49.05,65.21,70,80,7.05
556,Antalaha,MG,2022-07-18 23:22:56,-14.9003,50.2788,67.44,82,84,11.27
557,Dinghai,CN,2022-07-18 23:22:56,26.2847,119.7936,85.12,92,100,13.69
558,Karratha,AU,2022-07-18 23:22:57,-20.7377,116.8463,66.18,68,2,7.49
559,San Carlos De Bariloche,AR,2022-07-18 23:22:57,-41.1456,-71.3082,29.95,74,0,3.44
560,Aktau,KZ,2022-07-18 23:22:57,43.65,51.2,79.38,46,0,8.99
561,Rosetown,CA,2022-07-18 23:22:58,51.5501,-108.0014,77.67,64,100,10.36
562,Safaga,EG,2022-07-18 23:22:58,26.7292,33.9365,87.53,42,14,4.43
563,Karasjok,NO,2022-07-18 23:22:59,69.4719,25.5112,50.5,91,83,4.7
564,Huangpi,CN,2022-07-18 23:22:59,30.8845,114.3779,84.31,79,0,8.95
565,Ismailia,EG,2022-07-18 23:22:59,30.6043,32.2723,75.42,76,0,3.09
566,Bodden Town,KY,2022-07-18 23:23:00,19.2833,-81.25,88.0,69,20,11.5
567,Labytnangi,RU,2022-07-18 23:23:00,66.6572,66.4183,60.1,67,100,5.08
568,Lodja,CD,2022-07-18 23:23:00,-3.4833,23.4333,73.72,63,90,2.28
569,Russell,US,2022-07-18 23:23:01,32.3502,-85.1999,91.0,58,0,4.61
570,Buenos Aires,AR,2022-07-18 23:18:29,-34.6132,-58.3772,55.13,49,0,3.44
571,Revelstoke,CA,2022-07-18 23:23:01,50.9832,-118.2023,75.22,50,0,10.36
572,Ipixuna,BR,2022-07-18 23:23:01,-1.7625,-48.8043,76.91,84,78,5.3
573,Pandan,PH,2022-07-18 23:23:02,14.0453,124.1694,81.1,85,21,4.07
574,Sobolevo,RU,2022-07-18 23:20:11,54.4299,31.8996,54.16,90,94,6.15
575,Timra,SE,2022-07-18 23:23:03,62.487,17.3257,54.68,100,0,3.44
